bairro,regiao_adm,area_bairro_km2,urb1977_km2,urb2002_km2,urb2024_km2,crescimento_1977_2024_km2,pct_urb_1977,pct_urb_2002,pct_urb_2024,pop_estimada,densidade_pop_bairro,dom_estima,densidade0,media_mora,distrito_a,legislacao,crescimento_por_1000_hab_km2,area_urb_2024_por_1000_hab_km2,hab_por_km2_urb_2024,dom_por_km2_urb_2024,crescimento_relativo_1977_2024_pct,perfil_socio_urbano
Campeche,Região Sul da Ilha,15.3917,0.9542,5.0052,9.8353,8.8811,6.1996,32.5188,63.9001,30934,2011.31,16678,1084.39,1.85,Campeche,"Decreto Municipal nº 29.142, de 10 de abril de 2026.",0.28709833839787935,0.31794465636516456,3145.20146818094,1695.7286508799934,930.7377908195347,Alta expansão e alta densidade
Rio Vermelho,Região Leste da Ilha,18.0295,0.6246,3.2574,8.3665,7.7419,3.4643,18.0671,46.4046,30751,1707.44,14048,780.01,2.19,Rio Vermelho,"Decreto Municipal nº 29.142, de 10 de abril de 2026.",0.2517609183441189,0.2720724529283601,3675.491543656248,1679.0772724556266,1239.497278258085,Alta expansão e baixa densidade
Ingleses,Região Norte da Ilha,16.6992,1.6509,5.8764,7.955,6.3041,9.8864,35.1896,47.6372,46320,2775.31,30137,1805.69,1.54,Ingleses,"Decreto Municipal nº 29.142, de 10 de abril de 2026.",0.13609887737478413,0.1717400690846287,5822.752985543683,3788.4349465744813,381.85838027742443,Alta expansão e alta densidade
Rio Tavares,Região Sul da Ilha,17.738,0.7428,2.3259,4.1193,3.3765,4.1874,13.1123,23.223,14936,842.41,7667,432.43,1.95,Campeche,"Decreto Municipal nº 29.142, de 10 de abril de 2026.",0.2260645420460632,0.2757967327262989,3625.858762411089,1861.238559949506,454.5638126009693,Alta expansão e baixa densidade
Carianos,Região Sul da Ilha,21.3581,2.0648,3.9107,5.2784,3.2135,9.6676,18.3103,24.7137,9577,448.78,3930,184.16,2.44,Tapera da Base,"Decreto Municipal nº 29.142, de 10 de abril de 2026.",0.3355434896105252,0.5511538059935263,1814.3755683540464,744.5438011518642,155.6325067803177,Alta expansão e baixa densidade
Jurerê,Região Norte da Ilha,12.8739,0.9254,3.7513,3.649,2.7235,7.1885,29.1384,28.344,8134,632.5,7501,583.28,1.08,Canasvieiras,"Decreto Municipal nº 29.142, de 10 de abril de 2026.",0.3348291123678387,0.44861076960904844,2229.1038640723486,2055.6316799123047,294.30516533390966,Alta expansão e baixa densidade
Ratones,Região Norte da Ilha,26.5297,0.4699,1.2486,3.0291,2.5592,1.7711,4.7063,11.4177,3925,148.06,1663,62.73,2.36,Ratones,"Decreto Municipal nº 29.142, de 10 de abril de 2026.",0.6520254777070065,0.7717452229299363,1295.7644184741341,549.007956158595,544.6265162800596,Alta expansão e baixa densidade
Canasvieiras,Região Norte da Ilha,14.4314,2.0861,3.3326,4.5129,2.4268,14.4555,23.0928,31.2715,15979,1108.11,12381,858.6,1.29,Canasvieiras,"Decreto Municipal nº 29.142, de 10 de abril de 2026.",0.15187433506477252,0.2824269353526504,3540.7387710784637,2743.4687229940837,116.33191122189731,Alta expansão e baixa densidade
Cachoeira do Bom Jesus,Região Norte da Ilha,9.0889,0.8879,1.8129,3.2036,2.3157,9.7689,19.9466,35.2474,6616,728.63,4840,533.04,1.37,Cachoeira do Bom Jesus,"Decreto Municipal nº 29.142, de 10 de abril de 2026.",0.3500151148730351,0.4842200725513905,2065.176676239231,1510.8003496066926,260.8063971167924,Alta expansão e baixa densidade
Lagoa da Conceição,Região Leste da Ilha,19.6589,2.122,3.4981,4.1935,2.0715,10.7943,17.7942,21.3313,12468,634.83,7228,368.02,1.72,Lagoa da Conceição,"Decreto Municipal nº 29.142, de 10 de abril de 2026.",0.1661453320500481,0.3363410330445942,2973.172767378085,1723.6198879217836,97.62016965127238,Alta expansão e baixa densidade
Santo Antônio de Lisboa,Região Norte da Ilha,14.3196,0.4848,1.3697,2.2261,1.7413,3.3859,9.5653,15.546,2857,199.65,1351,94.41,2.11,Santo Antônio de Lisboa,"Decreto Municipal nº 29.142, de 10 de abril de 2026.",0.6094854742737137,0.7791739586979349,1283.4104487669017,606.8909752481918,359.17904290429044,Alta expansão e baixa densidade
Saco Grande,Região Central,11.0385,0.6424,1.8376,2.1986,1.5562,5.8193,16.6476,19.9177,9331,845.96,3986,361.38,2.34,Saco Grande,"Decreto Municipal nº 29.142, de 10 de abril de 2026.",0.16677740863787377,0.23562319151216377,4244.064404621123,1812.9718912034932,242.2478206724782,Alta expansão e baixa densidade
Vargem do Bom Jesus,Região Norte da Ilha,5.1218,0.5471,0.89,1.8601,1.313,10.681,17.3765,36.3167,7900,1542.97,3273,639.26,2.41,Cachoeira do Bom Jesus,"Decreto Municipal nº 29.142, de 10 de abril de 2026.",0.1662025316455696,0.23545569620253165,4247.083490134939,1759.5828181280576,239.9926887223542,Alta expansão e baixa densidade
Vargem Grande,Região Norte da Ilha,10.2654,0.6087,1.4537,1.8604,1.2518,5.9293,14.1608,18.1231,7412,722.42,3233,315.11,2.29,Cachoeira do Bom Jesus,"Decreto Municipal nº 29.142, de 10 de abril de 2026.",0.1688882892606584,0.2509983810037777,3984.0894431305096,1737.7983229413028,205.65138820436997,Alta expansão e baixa densidade
Tapera da Base,Região Sul da Ilha,3.5661,0.4636,1.3977,1.662,1.1984,13.0008,39.1936,46.6046,13631,3828.93,5419,1522.19,2.51,Tapera da Base,"Decreto Municipal nº 29.142, de 10 de abril de 2026.",0.08791724745066391,0.12192795833027657,8201.564380264741,3260.5294825511432,258.4987057808455,Alta expansão e alta densidade
Alto Ribeirão,Região Sul da Ilha,7.8175,0.5621,0.7802,1.7149,1.1528,7.1899,9.9805,21.9368,7395,946.86,3146,402.82,2.35,Ribeirão da Ilha,"Decreto Municipal nº 29.142, de 10 de abril de 2026.",0.1558891142663962,0.2318999323867478,4312.204793282407,1834.5093008338677,205.0880626223092,Alta expansão e baixa densidade
Saco dos Limões,Região Central,3.1292,0.8162,1.2402,1.9569,1.1407,26.0828,39.6312,62.5362,11469,3664.22,5090,1626.2,2.25,Saco dos Limões,"Decreto Municipal nº 29.142, de 10 de abril de 2026.",0.09945941232888657,0.17062516348417475,5860.800245285911,2601.0526853697174,139.75741239892184,Alta expansão e alta densidade
Córrego Grande,Região Central,6.6036,1.3572,1.8307,2.4346,1.0774,20.5527,27.7222,36.8679,12812,1941.21,6231,944.1,2.06,Trindade,"Decreto Municipal nº 29.142, de 10 de abril de 2026.",0.08409303777708398,0.19002497658445208,5262.466113529943,2559.352665735644,79.38402593575007,Alta expansão e alta densidade
Ribeirão da Ilha,Região Sul da Ilha,22.3528,0.9691,1.2948,2.0423,1.0733,4.3353,5.7926,9.1368,4434,198.48,2787,124.75,1.59,Ribeirão da Ilha,"Decreto Municipal nº 29.142, de 10 de abril de 2026.",0.24206134415877312,0.4605999097880018,2171.0816236595992,1364.637908240709,110.75224435042823,Alta expansão e baixa densidade
Pântano do Sul,Região Sul da Ilha,34.636,0.8277,0.9726,1.885,1.0573,2.3898,2.8081,5.4423,4432,128.06,3053,88.21,1.45,Pântano do Sul,"Decreto Municipal nº 29.142, de 10 de abril de 2026.",0.2385604693140794,0.4253158844765343,2351.1936339522545,1619.628647214854,127.73951914945027,Alta expansão e baixa densidade
Santinho,Região Norte da Ilha,2.9861,0.2307,1.0347,1.2768,1.0461,7.7259,34.6493,42.7587,4993,1675.5,3232,1084.56,1.54,Ingleses,"Decreto Municipal nº 29.142, de 10 de abril de 2026.",0.20951331864610456,0.2557180052072902,3910.5576441102758,2531.3283208020052,453.44603381014304,Alta expansão e baixa densidade
Itacorubi,Região Central,12.8061,2.3441,2.8145,3.3789,1.0348,18.3044,21.9779,26.3851,23600,1843.75,12348,964.69,1.91,Trindade,"Decreto Municipal nº 29.142, de 10 de abril de 2026.",0.04384745762711864,0.1431737288135593,6984.521589866525,3654.4437538844004,44.144874365428095,Alta expansão e alta densidade
Vargem Pequena,Região Norte da Ilha,5.8564,0.1494,0.5026,1.103,0.9536,2.5508,8.5822,18.8342,1898,324.44,848,144.96,2.24,Ratones,"Decreto Municipal nº 29.142, de 10 de abril de 2026.",0.5024236037934668,0.5811380400421496,1720.7615593834996,768.8123300090662,638.2864792503347,Alta expansão e baixa densidade
Barra da Lagoa,Região Leste da Ilha,8.1095,0.8764,1.4841,1.7672,0.8908,10.8066,18.3002,21.7913,6537,807.04,4301,530.99,1.52,Barra da Lagoa,"Decreto Municipal nº 29.142, de 10 de abril de 2026.",0.1362704604558666,0.2703380755698333,3699.0719782707106,2433.793571751924,101.64308534915565,Alta expansão e baixa densidade
Monte Verde,Região Central,5.0541,0.1531,0.7883,0.9654,0.8123,3.0302,15.5966,19.1017,7525,1490.1,3092,612.28,2.43,Saco Grande,"Decreto Municipal nº 29.142, de 10 de abril de 2026.",0.1079468438538206,0.12829235880398673,7794.696498860576,3202.817484980319,530.5682560418027,Alta expansão e baixa densidade
Ponta das Canas,Região Norte da Ilha,3.1079,0.4126,1.0818,1.1933,0.7807,13.2761,34.8069,38.3975,5506,1776.13,4655,1501.61,1.18,Cachoeira do Bom Jesus,"Decreto Municipal nº 29.142, de 10 de abril de 2026.",0.14179077370141663,0.21672720668361786,4614.09536579234,3900.9469538255257,189.21473582161897,Alta expansão e baixa densidade
Cacupé,Região Norte da Ilha,1.8894,0.2885,0.7039,1.0627,0.7742,15.2709,37.2523,56.2447,1494,790.48,692,366.14,2.16,Santo Antônio de Lisboa,"Decreto Municipal nº 29.142, de 10 de abril de 2026.",0.5182061579651941,0.7113119143239626,1405.853015902889,651.1715441799191,268.35355285961873,Alta expansão e baixa densidade
Costeira do Pirajubaé,Região Central,4.1931,0.6754,0.8524,1.4279,0.7524,16.1084,20.3292,34.0527,8535,2036.99,3499,835.08,2.44,Saco dos Limões,"Decreto Municipal nº 29.142, de 10 de abril de 2026.",0.08815465729349736,0.1672993555946104,5977.309335387632,2450.4517123047835,111.40065146579803,Alta expansão e alta densidade
Morro das Pedras,Região Sul da Ilha,1.5436,0.215,0.6103,0.9374,0.7224,13.9312,39.5412,60.7329,3222,2092.21,1721,1117.53,1.87,Campeche,"Decreto Municipal nº 29.142, de 10 de abril de 2026.",0.22420856610800746,0.2909373060211049,3437.166631107318,1835.929165777683,336.00000000000006,Baixa expansão e alta densidade
Sambaqui,Região Norte da Ilha,5.3386,0.4596,0.682,1.1421,0.6825,8.6093,12.7748,21.3929,3700,694.18,1613,302.63,2.29,Santo Antônio de Lisboa,"Decreto Municipal nº 29.142, de 10 de abril de 2026.",0.18445945945945946,0.3086756756756756,3239.646265650994,1412.310655809474,148.49869451697128,Baixa expansão e baixa densidade
João Paulo,Região Central,2.8689,0.6252,0.9874,1.2819,0.6567,21.7921,34.4195,44.684,6034,2102.44,2635,918.12,2.29,Saco Grande,"Decreto Municipal nº 29.142, de 10 de abril de 2026.",0.10883327809081869,0.21244613854822672,4707.075434901319,2055.5425540213746,105.03838771593091,Baixa expansão e alta densidade
Armação,Região Sul da Ilha,7.9601,0.7762,0.9548,1.345,0.5688,9.7509,11.995,16.8966,5133,645.66,2947,370.69,1.74,Pântano do Sul,"Decreto Municipal nº 29.142, de 10 de abril de 2026.",0.110812390414962,0.26203000194817844,3816.35687732342,2191.0780669144983,73.28008245297603,Baixa expansão e baixa densidade
Centro,Região Central,5.3939,4.1957,4.6351,4.6659,0.4702,77.7863,85.9322,86.5038,42308,7849.35,23368,4335.44,1.81,Sede,"Decreto Municipal nº 29.142, de 10 de abril de 2026.",0.01111373735463742,0.11028410702467618,9067.48965901541,5008.251355579846,11.206711633338893,Baixa expansão e alta densidade
Praia Brava,Região Norte da Ilha,2.5819,0.0,0.3529,0.4414,0.4414,0.0,13.6675,17.0972,349,135.27,1311,508.14,0.27,Cachoeira do Bom Jesus,"Decreto Municipal nº 29.142, de 10 de abril de 2026.",1.264756446991404,1.264756446991404,790.666062528319,2970.0951517897597,,Baixa expansão e baixa densidade
Pantanal,Região Central,2.313,0.691,0.8032,1.0716,0.3806,29.875,34.7263,46.3296,7690,3329.0,4576,1980.95,1.68,Trindade,"Decreto Municipal nº 29.142, de 10 de abril de 2026.",0.0494928478543563,0.13934980494148247,7176.185143710339,4270.250093318402,55.07959479015919,Baixa expansão e alta densidade
Agronômica,Região Central,1.9746,1.4262,1.8294,1.8006,0.3743,72.2307,92.6462,91.1884,18675,9479.69,7976,4048.73,2.34,Sede,"Decreto Municipal nº 29.142, de 10 de abril de 2026.",0.020042838018741634,0.09641767068273092,10371.542819060312,4429.634566255692,26.24456597952602,Baixa expansão e alta densidade
Carvoeira,Região Central,0.9806,0.5161,0.8062,0.794,0.2779,52.6285,82.22,80.9678,10740,10959.18,5788,5906.12,1.85,Trindade,"Decreto Municipal nº 29.142, de 10 de abril de 2026.",0.025875232774674115,0.0739292364990689,13526.448362720403,7289.672544080604,53.84615384615385,Baixa expansão e alta densidade
Trindade,Região Central,3.3206,2.4689,2.6676,2.6954,0.2265,74.3498,80.3366,81.1721,17865,5381.02,9775,2944.28,1.83,Trindade,"Decreto Municipal nº 29.142, de 10 de abril de 2026.",0.012678421494542402,0.1508760145535964,6627.958744527715,3626.548935222973,9.174126129045323,Baixa expansão e alta densidade
Coqueiros,Região Continental,1.7715,1.4941,1.5291,1.6632,0.1691,84.3425,86.318,93.8871,13396,7568.36,6399,3615.25,2.09,Coqueiros,"Decreto Municipal nº 29.142, de 10 de abril de 2026.",0.012623171095849506,0.12415646461630338,8054.353054353054,3847.402597402597,11.317850210829263,Baixa expansão e alta densidade
Estreito,Região Continental,1.5348,1.3882,1.4231,1.5348,0.1467,90.4438,92.7207,100.0,9290,6071.89,4531,2961.44,2.05,Estreito,"Decreto Municipal nº 29.142, de 10 de abril de 2026.",0.01579117330462863,0.16520990312163616,6052.905916080272,2952.1761793067503,10.567641550208903,Baixa expansão e alta densidade
José Mendes,Região Central,0.5595,0.335,0.5,0.4707,0.1357,59.8663,89.3567,84.1248,3492,6235.71,1433,2558.93,2.44,Sede,"Decreto Municipal nº 29.142, de 10 de abril de 2026.",0.0388602520045819,0.13479381443298968,7418.738049713193,3044.401954535798,40.50746268656716,Baixa expansão e alta densidade
Costa da Lagoa,Região Leste da Ilha,10.9807,0.1311,0.0808,0.2226,0.0916,1.1936,0.7358,2.0274,954,86.96,665,60.62,1.43,Lagoa da Conceição,"Decreto Municipal nº 29.142, de 10 de abril de 2026.",0.09601677148846961,0.23333333333333334,4285.714285714286,2987.421383647799,69.8703279938978,Baixa expansão e baixa densidade
Daniela,Região Norte da Ilha,1.5829,0.6014,0.7004,0.6798,0.0784,37.9922,44.2466,42.9447,1088,688.61,1010,639.24,1.08,Canasvieiras,"Decreto Municipal nº 29.142, de 10 de abril de 2026.",0.07205882352941176,0.6248161764705882,1600.470726684319,1485.731097381583,13.036248752909877,Baixa expansão e baixa densidade
Praia do Forte,Região Norte da Ilha,0.4449,0.0715,0.0287,0.1298,0.0583,16.0728,6.4547,29.1843,170,386.36,173,393.18,0.98,Canasvieiras,"Decreto Municipal nº 29.142, de 10 de abril de 2026.",0.34294117647058825,0.7635294117647059,1309.7072419106319,1332.8197226502311,81.53846153846153,Baixa expansão e baixa densidade
Jardim Capoeiras,Região Continental,0.4702,0.4137,0.3779,0.4702,0.0565,87.9788,80.3742,100.0,1545,3287.23,628,1336.17,2.46,Coqueiros,"Decreto Municipal nº 29.142, de 10 de abril de 2026.",0.036569579288025886,0.304336569579288,3285.835814547001,1335.6018715440239,13.657239545564417,Baixa expansão e alta densidade
Santa Mônica,Região Central,0.59,0.4861,0.4793,0.5261,0.04,82.3797,81.2355,89.1623,1372,2325.42,625,1059.32,2.19,Trindade,"Decreto Municipal nº 29.142, de 10 de abril de 2026.",0.02915451895043732,0.3834548104956268,2607.869226382817,1187.9870747006273,8.228759514503189,Baixa expansão e alta densidade
Balneário,Região Continental,0.7078,0.6902,0.6865,0.7078,0.0176,97.5107,96.99,100.0,5674,7991.55,2713,3821.13,2.09,Estreito,"Decreto Municipal nº 29.142, de 10 de abril de 2026.",0.0031018681706027496,0.12474444836094466,8016.388810398418,3833.003673354055,2.5499855114459575,Baixa expansão e alta densidade
Abraão,Região Continental,0.8461,0.7514,0.6583,0.7677,0.0163,88.8166,77.8057,90.7452,7717,9078.84,3696,4348.24,2.09,Coqueiros,"Decreto Municipal nº 29.142, de 10 de abril de 2026.",0.0021122197745237783,0.09948166385901258,10052.103686335808,4814.380617428683,2.1692840031940377,Baixa expansão e alta densidade
Jardim Atlântico,Região Continental,1.7853,1.7731,1.7553,1.7853,0.0122,99.3193,98.3201,100.0,12773,7175.84,5776,3244.94,2.21,Estreito,"Decreto Municipal nº 29.142, de 10 de abril de 2026.",0.0009551397479057388,0.1397713927816488,7154.539853245953,3235.310592057357,0.6880604590829622,Baixa expansão e alta densidade
Bom Abrigo,Região Continental,0.1846,0.1756,0.1767,0.1846,0.009,95.144,95.7169,100.0,1339,7438.89,626,3477.78,2.14,Coqueiros,"Decreto Municipal nº 29.142, de 10 de abril de 2026",0.006721433905899924,0.13786407766990288,7253.521126760564,3391.1159263271943,5.125284738041002,Baixa expansão e alta densidade
Itaguaçu,Região Continental,0.4715,0.4585,0.4584,0.4651,0.0066,97.2446,97.2155,98.6436,1761,3746.81,864,1838.3,2.04,Coqueiros,"Decreto Municipal nº 29.142, de 10 de abril de 2026.",0.0037478705281090287,0.26411130039750147,3786.282519888196,1857.6650182756396,1.4394765539803707,Baixa expansão e alta densidade
Monte Cristo,Região Continental,0.5887,0.5885,0.5087,0.5887,0.0002,99.973,86.408,100.0,11219,19015.25,4364,7396.61,2.57,Estreito,"Decreto Municipal nº 29.142, de 10 de abril de 2026.",1.7826900793297086e-05,0.052473482485069965,19057.244776626467,7412.94377441821,0.033984706881903144,Baixa expansão e alta densidade
Coloninha,Região Continental,0.5962,0.5962,0.5962,0.5962,0.0,100.0,100.0,100.0,4517,3781.67,2269,3781.67,1.99,Estreito,"Decreto Municipal nº 29.142, de 10 de abril de 2026.",0.0,0.13199025902147443,7576.3166722576325,3805.7698758805773,0.0,Baixa expansão e alta densidade
Canto,Região Continental,0.6805,0.6805,0.6805,0.6805,0.0,100.0,100.0,100.0,6509,9572.06,3088,4541.18,2.11,Estreito,"Decreto Municipal nº 29.142, de 10 de abril de 2026.",0.0,0.10454754954678137,9565.025716385011,4537.839823659075,0.0,Baixa expansão e alta densidade
Capoeiras,Região Continental,2.3961,2.3961,2.3961,2.3961,0.0,100.0,100.0,100.0,17278,7229.29,8121,3397.91,2.13,Estreito,"Decreto Municipal nº 29.142, de 10 de abril de 2026.",0.0,0.13867924528301886,7210.884353741496,3389.257543508201,0.0,Baixa expansão e alta densidade
Moçambique,Região Leste da Ilha,13.5146,0.0129,0.0,0.0,-0.0129,0.0952,0.0,0.0,0,0.0,0,0.0,0.0,Rio Vermelho,"Decreto Municipal nº 29.142, de 10 de abril de 2026.",,,,,-100.0,Baixa expansão e baixa densidade
